<?xml version="1.0" encoding="UTF-8"?>
<!-- SessionID:2023-09-13_161236,HostName:LOCALHOST.LOCALDOMAIN,FileType:OVAL CPE Results,StreamName:MOZ_Firefox_Linux-6.3.2,ErrorCount:0,WarnCount:0 -->

<oval-res:oval_results xsi:schemaLocation="http://oval.mitre.org/XMLSchema/oval-common-5 https://raw.githubusercontent.com/OVALProject/Language/5.11.2/schemas/oval-common-schema.xsd http://oval.mitre.org/XMLSchema/oval-results-5 https://raw.githubusercontent.com/OVALProject/Language/5.11.2/schemas/oval-results-schema.xsd http://oval.mitre.org/XMLSchema/oval-definitions-5 https://raw.githubusercontent.com/OVALProject/Language/5.11.2/schemas/oval-definitions-schema.xsd http://oval.mitre.org/XMLSchema/oval-definitions-5#independent https://raw.githubusercontent.com/OVALProject/Language/5.11.2/schemas/independent-definitions-schema.xsd http://oval.mitre.org/XMLSchema/oval-definitions-5#linux https://raw.githubusercontent.com/OVALProject/Language/5.11.2/schemas/linux-definitions-schema.xsd http://oval.mitre.org/XMLSchema/oval-definitions-5#windows https://raw.githubusercontent.com/OVALProject/Language/5.11.2/schemas/windows-definitions-schema.xsd http://oval.mitre.org/XMLSchema/oval-definitions-5#solaris https://raw.githubusercontent.com/OVALProject/Language/5.11.2/schemas/solaris-definitions-schema.xsd http://oval.mitre.org/XMLSchema/oval-definitions-5#hpux https://raw.githubusercontent.com/OVALProject/Language/5.11.2/schemas/hpux-definitions-schema.xsd http://oval.mitre.org/XMLSchema/oval-definitions-5#macos https://raw.githubusercontent.com/OVALProject/Language/5.11.2/schemas/macos-definitions-schema.xsd http://oval.mitre.org/XMLSchema/oval-definitions-5#unix https://raw.githubusercontent.com/OVALProject/Language/5.11.2/schemas/unix-definitions-schema.xsd http://oval.mitre.org/XMLSchema/oval-system-characteristics-5 https://raw.githubusercontent.com/OVALProject/Language/5.11.2/schemas/oval-system-characteristics-schema.xsd http://oval.mitre.org/XMLSchema/oval-system-characteristics-5#independent https://raw.githubusercontent.com/OVALProject/Language/5.11.2/schemas/independent-system-characteristics-schema.xsd http://oval.mitre.org/XMLSchema/oval-system-characteristics-5#windows https://raw.githubusercontent.com/OVALProject/Language/5.11.2/schemas/windows-system-characteristics-schema.xsd http://oval.mitre.org/XMLSchema/oval-system-characteristics-5#linux https://raw.githubusercontent.com/OVALProject/Language/5.11.2/schemas/linux-system-characteristics-schema.xsd http://oval.mitre.org/XMLSchema/oval-system-characteristics-5#solaris https://raw.githubusercontent.com/OVALProject/Language/5.11.2/schemas/solaris-system-characteristics-schema.xsd http://oval.mitre.org/XMLSchema/oval-system-characteristics-5#hpux https://raw.githubusercontent.com/OVALProject/Language/5.11.2/schemas/hpux-system-characteristics-schema.xsd http://oval.mitre.org/XMLSchema/oval-system-characteristics-5#macos https://raw.githubusercontent.com/OVALProject/Language/5.11.2/schemas/macos-system-characteristics-schema.xsd http://oval.mitre.org/XMLSchema/oval-system-characteristics-5#unix https://raw.githubusercontent.com/OVALProject/Language/5.11.2/schemas/unix-system-characteristics-schema.xsd http://scap.nist.gov/schema/scap/constructs/1.2 https://csrc.nist.gov/schema/scap/1.2/scap-constructs_1.2.xsd http://scap.nist.gov/schema/asset-reporting-format/1.1 https://csrc.nist.gov/schema/asset-reporting-format/1.1/asset-reporting-format_1.1.0.xsd http://scap.nist.gov/schema/reporting-core/1.1 https://csrc.nist.gov/schema/reporting-core/1.1/reporting-core_1.1.0.xsd" xmlns:oval-res="http://oval.mitre.org/XMLSchema/oval-results-5" xmlns:oval="http://oval.mitre.org/XMLSchema/oval-common-5" xmlns:oval-def="http://oval.mitre.org/XMLSchema/oval-definitions-5" xmlns:ind-def="http://oval.mitre.org/XMLSchema/oval-definitions-5#independent" xmlns:oval-sc="http://oval.mitre.org/XMLSchema/oval-system-characteristics-5" xmlns:ind-sc="http://oval.mitre.org/XMLSchema/oval-system-characteristics-5#independent" xmlns:xsi="http://www.w3.org/2001/XMLSchema-instance" xmlns:unix-def="http://oval.mitre.org/XMLSchema/oval-definitions-5#unix" xmlns:unix-sc="http://oval.mitre.org/XMLSchema/oval-system-characteristics-5#unix" xmlns:linux-def="http://oval.mitre.org/XMLSchema/oval-definitions-5#linux" xmlns:linux-sc="http://oval.mitre.org/XMLSchema/oval-system-characteristics-5#linux" xmlns:win-def="http://oval.mitre.org/XMLSchema/oval-definitions-5#windows" xmlns:win-sc="http://oval.mitre.org/XMLSchema/oval-system-characteristics-5#windows">
      <oval-res:generator>
            <oval:product_name>SCAP Compliance Checker</oval:product_name>
            <oval:product_version>5.7.2</oval:product_version>
            <oval:schema_version>5.11.2</oval:schema_version>
            <oval:timestamp>2023-09-13T16:12:38</oval:timestamp>
      </oval-res:generator>
      <oval-res:directives>
            <oval-res:definition_true content="full" reported="true"></oval-res:definition_true>
            <oval-res:definition_false content="full" reported="true"></oval-res:definition_false>
            <oval-res:definition_unknown content="full" reported="true"></oval-res:definition_unknown>
            <oval-res:definition_error content="full" reported="true"></oval-res:definition_error>
            <oval-res:definition_not_evaluated content="full" reported="true"></oval-res:definition_not_evaluated>
            <oval-res:definition_not_applicable content="full" reported="true"></oval-res:definition_not_applicable>
      </oval-res:directives>
      <oval-def:oval_definitions>
            <oval-def:generator>
                  <oval:product_name>repotool</oval:product_name>
                  <oval:schema_version>5.10</oval:schema_version>
                  <oval:timestamp>2022-09-28T11:02:10</oval:timestamp>
            </oval-def:generator>
            <oval-def:definitions>
                  <oval-def:definition version="2" id="oval:mil.disa.stig.firefox.linux:def:1" class="inventory">
                        <oval-def:metadata>
                              <oval-def:title>Mozilla Firefox for Linux is installed</oval-def:title>
                              <oval-def:affected family="unix"></oval-def:affected>
                              <oval-def:reference ref_id="cpe:/a:mozilla:firefox:::~~~linux~~" source="CPE"></oval-def:reference>
                              <oval-def:description>Mozilla Firefox for Linux is installed.</oval-def:description>
                        </oval-def:metadata>
                        <oval-def:criteria applicability_check="false" operator="OR">
                              <oval-def:criterion applicability_check="false" test_ref="oval:mil.disa.stig.firefox.linux:tst:100" comment="Mozilla Firefox is installed on Linux that supports RPM"></oval-def:criterion>
                              <oval-def:criterion applicability_check="false" test_ref="oval:mil.disa.stig.firefox.linux:tst:101" comment="Mozilla Firefox is installed on Linux that supports DEB"></oval-def:criterion>
                        </oval-def:criteria>
                  </oval-def:definition>
            </oval-def:definitions>
            <oval-def:tests>
                  <linux-def:rpminfo_test state_operator="AND" id="oval:mil.disa.stig.firefox.linux:tst:100" version="1" check_existence="at_least_one_exists" comment="Firefox is installed via RPM" check="at least one">
                        <linux-def:object object_ref="oval:mil.disa.stig.firefox.linux:obj:100"></linux-def:object>
                  </linux-def:rpminfo_test>
                  <linux-def:dpkginfo_test state_operator="AND" id="oval:mil.disa.stig.firefox.linux:tst:101" version="1" check_existence="at_least_one_exists" comment="Firefox is installed via DEB" check="at least one">
                        <linux-def:object object_ref="oval:mil.disa.stig.firefox.linux:obj:101"></linux-def:object>
                  </linux-def:dpkginfo_test>
            </oval-def:tests>
            <oval-def:objects>
                  <linux-def:rpminfo_object version="1" id="oval:mil.disa.stig.firefox.linux:obj:100">
                        <linux-def:name operation="pattern match">firefox.*</linux-def:name>
                  </linux-def:rpminfo_object>
                  <linux-def:dpkginfo_object version="2" id="oval:mil.disa.stig.firefox.linux:obj:101">
                        <linux-def:name operation="pattern match">firefox.*</linux-def:name>
                  </linux-def:dpkginfo_object>
            </oval-def:objects>
      </oval-def:oval_definitions>
      <oval-res:results>
            <oval-res:system>
                  <oval-res:definitions>
                        <oval-res:definition version="2" result="true" definition_id="oval:mil.disa.stig.firefox.linux:def:1">
                              <oval-res:criteria applicability_check="false" operator="OR" result="true">
                                    <oval-res:criterion applicability_check="false" version="1" test_ref="oval:mil.disa.stig.firefox.linux:tst:100" result="true"></oval-res:criterion>
                                    <oval-res:criterion applicability_check="false" version="1" test_ref="oval:mil.disa.stig.firefox.linux:tst:101" result="not applicable"></oval-res:criterion>
                              </oval-res:criteria>
                        </oval-res:definition>
                  </oval-res:definitions>
                  <oval-res:tests>
                        <oval-res:test test_id="oval:mil.disa.stig.firefox.linux:tst:100" version="1" state_operator="AND" check_existence="at_least_one_exists" check="at least one" result="true">
                              <oval-res:tested_item item_id="1" result="not evaluated"></oval-res:tested_item>
                        </oval-res:test>
                        <oval-res:test test_id="oval:mil.disa.stig.firefox.linux:tst:101" version="1" state_operator="AND" check_existence="at_least_one_exists" check="at least one" result="not applicable">
                              <oval-res:message level="info">check_existence</oval-res:message>
                        </oval-res:test>
                  </oval-res:tests>
                  <oval-sc:oval_system_characteristics>
                        <oval-sc:generator>
                              <oval:product_name>SCAP Compliance Checker</oval:product_name>
                              <oval:product_version>5.7.2</oval:product_version>
                              <oval:schema_version>5.11.2</oval:schema_version>
                              <oval:timestamp>2023-09-13T16:12:38</oval:timestamp>
                        </oval-sc:generator>
                        <oval-sc:system_info>
                              <oval-sc:os_name>RedHat Variant</oval-sc:os_name>
                              <oval-sc:os_version>8.8</oval-sc:os_version>
                              <oval-sc:architecture>x86_64</oval-sc:architecture>
                              <oval-sc:primary_host_name>LOCALHOST</oval-sc:primary_host_name>
                              <oval-sc:interfaces>
                                    <oval-sc:interface>
                                          <oval-sc:interface_name>lo</oval-sc:interface_name>
                                          <oval-sc:ip_address>127.0.0.1</oval-sc:ip_address>
                                          <oval-sc:mac_address>00:00:00:00:00:00</oval-sc:mac_address>
                                    </oval-sc:interface>
                                    <oval-sc:interface>
                                          <oval-sc:interface_name>lo</oval-sc:interface_name>
                                          <oval-sc:ip_address>::1/128</oval-sc:ip_address>
                                          <oval-sc:mac_address>00:00:00:00:00:00</oval-sc:mac_address>
                                    </oval-sc:interface>
                                    <oval-sc:interface>
                                          <oval-sc:interface_name>enp0s3</oval-sc:interface_name>
                                          <oval-sc:ip_address>10.0.2.15</oval-sc:ip_address>
                                          <oval-sc:mac_address>08:00:27:25:be:8c</oval-sc:mac_address>
                                    </oval-sc:interface>
                                    <oval-sc:interface>
                                          <oval-sc:interface_name>enp0s3</oval-sc:interface_name>
                                          <oval-sc:ip_address>fe80::a00:27ff:fe25:be8c/64</oval-sc:ip_address>
                                          <oval-sc:mac_address>08:00:27:25:be:8c</oval-sc:mac_address>
                                    </oval-sc:interface>
                              </oval-sc:interfaces>
                              <con:asset-identification xmlns:con="http://scap.nist.gov/schema/scap/constructs/1.2">
                                    <arf:object-ref ref-id="SCC_LOCALHOST" xmlns:arf="http://scap.nist.gov/schema/asset-reporting-format/1.1" />
                              </con:asset-identification>
                        </oval-sc:system_info>
                        <oval-sc:collected_objects>
                              <oval-sc:object version="1" id="oval:mil.disa.stig.firefox.linux:obj:100" flag="complete">
                                    <oval-sc:reference item_ref="1"></oval-sc:reference>
                              </oval-sc:object>
                              <oval-sc:object version="2" id="oval:mil.disa.stig.firefox.linux:obj:101" flag="not applicable"></oval-sc:object>
                        </oval-sc:collected_objects>
                        <oval-sc:system_data>
                              <linux-sc:rpminfo_item id="1" status="exists">
                                    <linux-sc:name>firefox</linux-sc:name>
                                    <linux-sc:arch>x86_64</linux-sc:arch>
                                    <linux-sc:epoch>(none)</linux-sc:epoch>
                                    <linux-sc:release>1.el8_8</linux-sc:release>
                                    <linux-sc:version datatype="version">102.15.0</linux-sc:version>
                                    <linux-sc:evr datatype="evr_string">0:102.15.0-1.el8_8</linux-sc:evr>
                                    <linux-sc:signature_keyid>199e2f91fd431d51</linux-sc:signature_keyid>
                                    <linux-sc:extended_name>firefox-(none):102.15.0-1.el8_8.x86_64</linux-sc:extended_name>
                                    <linux-sc:filepath status="not collected"></linux-sc:filepath>
                              </linux-sc:rpminfo_item>
                        </oval-sc:system_data>
                  </oval-sc:oval_system_characteristics>
            </oval-res:system>
      </oval-res:results>
</oval-res:oval_results>
