<?xml version="1.0" encoding="UTF-8"?>
<!-- SessionID:2023-09-13_161236,HostName:LOCALHOST.LOCALDOMAIN,FileType:OCIL Results,StreamName:MOZ_Firefox_Linux-6.3.2,ErrorCount:0,WarnCount:1 -->

<ocil:ocil xsi:schemaLocation="http://scap.nist.gov/schema/ocil/2.0 http://scap.nist.gov/schema/ocil/2.0/ocil-2.0.xsd" xmlns:ocil="http://scap.nist.gov/schema/ocil/2.0" xmlns:xsi="http://www.w3.org/2001/XMLSchema-instance">
      <ocil:generator>
            <ocil:product_name>SCAP Compliance Checker</ocil:product_name>
            <ocil:product_version>5.7.2</ocil:product_version>
            <ocil:schema_version>2.0</ocil:schema_version>
            <ocil:timestamp>2023-09-13T16:15:09</ocil:timestamp>
      </ocil:generator>
      <ocil:document>
            <ocil:title>Mozilla Firefox Security Technical Implementation Guide</ocil:title>
            <ocil:description>This Security Technical Implementation Guide is published as a tool to improve the security of Department of Defense (DoD) information systems. The requirements are derived from the National Institute of Standards and Technology (NIST) 800-53 and related documents. Comments or proposed revisions to this document should be sent via email to the following address: disa.stig_spt@mail.mil.</ocil:description>
      </ocil:document>
      <ocil:questionnaires>
            <ocil:questionnaire id="ocil:navy.navwar.niwcatlantic.scc.firefox.linux:questionnaire:1">
                  <ocil:title>The installed version of Firefox must be supported.</ocil:title>
                  <ocil:description>&lt;VulnDiscussion&gt;Using versions of an application that are not supported by the vendor is not permitted. Vendors respond to security flaws with updates and patches. These updates are not available for unsupported versions, which can leave the application vulnerable to attack.&lt;/VulnDiscussion&gt;&lt;FalsePositives&gt;&lt;/FalsePositives&gt;&lt;FalseNegatives&gt;&lt;/FalseNegatives&gt;&lt;Documentable&gt;false&lt;/Documentable&gt;&lt;Mitigations&gt;&lt;/Mitigations&gt;&lt;SeverityOverrideGuidance&gt;&lt;/SeverityOverrideGuidance&gt;&lt;PotentialImpacts&gt;&lt;/PotentialImpacts&gt;&lt;ThirdPartyTools&gt;&lt;/ThirdPartyTools&gt;&lt;MitigationControl&gt;&lt;/MitigationControl&gt;&lt;Responsibility&gt;&lt;/Responsibility&gt;&lt;IAControls&gt;&lt;/IAControls&gt;</ocil:description>
                  <ocil:actions>
                        <ocil:test_action_ref>ocil:navy.navwar.niwcatlantic.scc.firefox.linux:testaction:1</ocil:test_action_ref>
                  </ocil:actions>
            </ocil:questionnaire>
            <ocil:questionnaire id="ocil:navy.navwar.niwcatlantic.scc.firefox.linux:questionnaire:101">
                  <ocil:title>Firefox must be configured to not automatically execute or download MIME types that are not authorized for auto-download.</ocil:title>
                  <ocil:description>&lt;VulnDiscussion&gt;Some files can be downloaded or execute without user interaction. This setting ensures these files are not downloaded and executed.&lt;/VulnDiscussion&gt;&lt;FalsePositives&gt;&lt;/FalsePositives&gt;&lt;FalseNegatives&gt;&lt;/FalseNegatives&gt;&lt;Documentable&gt;false&lt;/Documentable&gt;&lt;Mitigations&gt;&lt;/Mitigations&gt;&lt;SeverityOverrideGuidance&gt;&lt;/SeverityOverrideGuidance&gt;&lt;PotentialImpacts&gt;&lt;/PotentialImpacts&gt;&lt;ThirdPartyTools&gt;&lt;/ThirdPartyTools&gt;&lt;MitigationControl&gt;&lt;/MitigationControl&gt;&lt;Responsibility&gt;&lt;/Responsibility&gt;&lt;IAControls&gt;&lt;/IAControls&gt;</ocil:description>
                  <ocil:actions>
                        <ocil:test_action_ref>ocil:navy.navwar.niwcatlantic.scc.firefox.linux:testaction:101</ocil:test_action_ref>
                  </ocil:actions>
            </ocil:questionnaire>
            <ocil:questionnaire id="ocil:navy.navwar.niwcatlantic.scc.firefox.linux:questionnaire:281">
                  <ocil:title>Firefox must have the DoD root certificates installed.</ocil:title>
                  <ocil:description>&lt;VulnDiscussion&gt;The DoD root certificates will ensure that the trust chain is established for server certificates issued from the DoD Certificate Authority (CA).&lt;/VulnDiscussion&gt;&lt;FalsePositives&gt;&lt;/FalsePositives&gt;&lt;FalseNegatives&gt;&lt;/FalseNegatives&gt;&lt;Documentable&gt;false&lt;/Documentable&gt;&lt;Mitigations&gt;&lt;/Mitigations&gt;&lt;SeverityOverrideGuidance&gt;&lt;/SeverityOverrideGuidance&gt;&lt;PotentialImpacts&gt;&lt;/PotentialImpacts&gt;&lt;ThirdPartyTools&gt;&lt;/ThirdPartyTools&gt;&lt;MitigationControl&gt;&lt;/MitigationControl&gt;&lt;Responsibility&gt;&lt;/Responsibility&gt;&lt;IAControls&gt;&lt;/IAControls&gt;</ocil:description>
                  <ocil:actions>
                        <ocil:test_action_ref>ocil:navy.navwar.niwcatlantic.scc.firefox.linux:testaction:281</ocil:test_action_ref>
                  </ocil:actions>
            </ocil:questionnaire>
            <ocil:questionnaire id="ocil:navy.navwar.niwcatlantic.scc.firefox.linux:questionnaire:641">
                  <ocil:title>Pocket must be disabled.</ocil:title>
                  <ocil:description>&lt;VulnDiscussion&gt;Pocket, previously known as Read It Later, is a social bookmarking service for storing, sharing, and discovering web bookmarks. Data gathering cloud services such as this are generally disabled in the DoD.&lt;/VulnDiscussion&gt;&lt;FalsePositives&gt;&lt;/FalsePositives&gt;&lt;FalseNegatives&gt;&lt;/FalseNegatives&gt;&lt;Documentable&gt;false&lt;/Documentable&gt;&lt;Mitigations&gt;&lt;/Mitigations&gt;&lt;SeverityOverrideGuidance&gt;&lt;/SeverityOverrideGuidance&gt;&lt;PotentialImpacts&gt;&lt;/PotentialImpacts&gt;&lt;ThirdPartyTools&gt;&lt;/ThirdPartyTools&gt;&lt;MitigationControl&gt;&lt;/MitigationControl&gt;&lt;Responsibility&gt;&lt;/Responsibility&gt;&lt;IAControls&gt;&lt;/IAControls&gt;</ocil:description>
                  <ocil:actions>
                        <ocil:test_action_ref>ocil:navy.navwar.niwcatlantic.scc.firefox.linux:testaction:641</ocil:test_action_ref>
                  </ocil:actions>
            </ocil:questionnaire>
            <ocil:questionnaire id="ocil:navy.navwar.niwcatlantic.scc.firefox.linux:questionnaire:661">
                  <ocil:title>Firefox Studies must be disabled.</ocil:title>
                  <ocil:description>&lt;VulnDiscussion&gt;Studies try out different features and ideas before they are released to all Firefox users. Testing beta software is not in the DoD user's mission.&lt;/VulnDiscussion&gt;&lt;FalsePositives&gt;&lt;/FalsePositives&gt;&lt;FalseNegatives&gt;&lt;/FalseNegatives&gt;&lt;Documentable&gt;false&lt;/Documentable&gt;&lt;Mitigations&gt;&lt;/Mitigations&gt;&lt;SeverityOverrideGuidance&gt;&lt;/SeverityOverrideGuidance&gt;&lt;PotentialImpacts&gt;&lt;/PotentialImpacts&gt;&lt;ThirdPartyTools&gt;&lt;/ThirdPartyTools&gt;&lt;MitigationControl&gt;&lt;/MitigationControl&gt;&lt;Responsibility&gt;&lt;/Responsibility&gt;&lt;IAControls&gt;&lt;/IAControls&gt;</ocil:description>
                  <ocil:actions>
                        <ocil:test_action_ref>ocil:navy.navwar.niwcatlantic.scc.firefox.linux:testaction:661</ocil:test_action_ref>
                  </ocil:actions>
            </ocil:questionnaire>
      </ocil:questionnaires>
      <ocil:test_actions>
            <ocil:choice_question_test_action question_ref="ocil:navy.navwar.niwcatlantic.scc.firefox.linux:question:1" id="ocil:navy.navwar.niwcatlantic.scc.firefox.linux:testaction:1">
                  <ocil:title>CAT I, V-251545, SV-251545r849960, SRG-APP-000456</ocil:title>
                  <ocil:when_choice>
                        <ocil:result>FAIL</ocil:result>
                        <ocil:choice_ref>ocil:navy.navwar.niwcatlantic.scc:choice:1</ocil:choice_ref>
                  </ocil:when_choice>
                  <ocil:when_choice>
                        <ocil:result>PASS</ocil:result>
                        <ocil:choice_ref>ocil:navy.navwar.niwcatlantic.scc:choice:2</ocil:choice_ref>
                  </ocil:when_choice>
                  <ocil:when_choice>
                        <ocil:result>NOT_APPLICABLE</ocil:result>
                        <ocil:choice_ref>ocil:navy.navwar.niwcatlantic.scc:choice:3</ocil:choice_ref>
                  </ocil:when_choice>
                  <ocil:when_choice>
                        <ocil:result>NOT_TESTED</ocil:result>
                        <ocil:choice_ref>ocil:navy.navwar.niwcatlantic.scc:choice:4</ocil:choice_ref>
                  </ocil:when_choice>
            </ocil:choice_question_test_action>
            <ocil:choice_question_test_action question_ref="ocil:navy.navwar.niwcatlantic.scc.firefox.linux:question:101" id="ocil:navy.navwar.niwcatlantic.scc.firefox.linux:testaction:101">
                  <ocil:title>CAT II, V-251550, SV-251550r832305, SRG-APP-000278</ocil:title>
                  <ocil:when_choice>
                        <ocil:result>FAIL</ocil:result>
                        <ocil:choice_ref>ocil:navy.navwar.niwcatlantic.scc:choice:1</ocil:choice_ref>
                  </ocil:when_choice>
                  <ocil:when_choice>
                        <ocil:result>PASS</ocil:result>
                        <ocil:choice_ref>ocil:navy.navwar.niwcatlantic.scc:choice:2</ocil:choice_ref>
                  </ocil:when_choice>
                  <ocil:when_choice>
                        <ocil:result>NOT_APPLICABLE</ocil:result>
                        <ocil:choice_ref>ocil:navy.navwar.niwcatlantic.scc:choice:3</ocil:choice_ref>
                  </ocil:when_choice>
                  <ocil:when_choice>
                        <ocil:result>NOT_TESTED</ocil:result>
                        <ocil:choice_ref>ocil:navy.navwar.niwcatlantic.scc:choice:4</ocil:choice_ref>
                  </ocil:when_choice>
            </ocil:choice_question_test_action>
            <ocil:choice_question_test_action question_ref="ocil:navy.navwar.niwcatlantic.scc.firefox.linux:question:281" id="ocil:navy.navwar.niwcatlantic.scc.firefox.linux:testaction:281">
                  <ocil:title>CAT II, V-251560, SV-251560r862961, SRG-APP-000175</ocil:title>
                  <ocil:when_choice>
                        <ocil:result>FAIL</ocil:result>
                        <ocil:choice_ref>ocil:navy.navwar.niwcatlantic.scc:choice:1</ocil:choice_ref>
                  </ocil:when_choice>
                  <ocil:when_choice>
                        <ocil:result>PASS</ocil:result>
                        <ocil:choice_ref>ocil:navy.navwar.niwcatlantic.scc:choice:2</ocil:choice_ref>
                  </ocil:when_choice>
                  <ocil:when_choice>
                        <ocil:result>NOT_APPLICABLE</ocil:result>
                        <ocil:choice_ref>ocil:navy.navwar.niwcatlantic.scc:choice:3</ocil:choice_ref>
                  </ocil:when_choice>
                  <ocil:when_choice>
                        <ocil:result>NOT_TESTED</ocil:result>
                        <ocil:choice_ref>ocil:navy.navwar.niwcatlantic.scc:choice:4</ocil:choice_ref>
                  </ocil:when_choice>
            </ocil:choice_question_test_action>
            <ocil:choice_question_test_action question_ref="ocil:navy.navwar.niwcatlantic.scc.firefox.linux:question:641" id="ocil:navy.navwar.niwcatlantic.scc.firefox.linux:testaction:641">
                  <ocil:title>CAT II, V-252908, SV-252908r836395, SRG-APP-000141</ocil:title>
                  <ocil:when_choice>
                        <ocil:result>FAIL</ocil:result>
                        <ocil:choice_ref>ocil:navy.navwar.niwcatlantic.scc:choice:1</ocil:choice_ref>
                  </ocil:when_choice>
                  <ocil:when_choice>
                        <ocil:result>PASS</ocil:result>
                        <ocil:choice_ref>ocil:navy.navwar.niwcatlantic.scc:choice:2</ocil:choice_ref>
                  </ocil:when_choice>
                  <ocil:when_choice>
                        <ocil:result>NOT_APPLICABLE</ocil:result>
                        <ocil:choice_ref>ocil:navy.navwar.niwcatlantic.scc:choice:3</ocil:choice_ref>
                  </ocil:when_choice>
                  <ocil:when_choice>
                        <ocil:result>NOT_TESTED</ocil:result>
                        <ocil:choice_ref>ocil:navy.navwar.niwcatlantic.scc:choice:4</ocil:choice_ref>
                  </ocil:when_choice>
            </ocil:choice_question_test_action>
            <ocil:choice_question_test_action question_ref="ocil:navy.navwar.niwcatlantic.scc.firefox.linux:question:661" id="ocil:navy.navwar.niwcatlantic.scc.firefox.linux:testaction:661">
                  <ocil:title>CAT II, V-252909, SV-252909r836408, SRG-APP-000141</ocil:title>
                  <ocil:when_choice>
                        <ocil:result>FAIL</ocil:result>
                        <ocil:choice_ref>ocil:navy.navwar.niwcatlantic.scc:choice:1</ocil:choice_ref>
                  </ocil:when_choice>
                  <ocil:when_choice>
                        <ocil:result>PASS</ocil:result>
                        <ocil:choice_ref>ocil:navy.navwar.niwcatlantic.scc:choice:2</ocil:choice_ref>
                  </ocil:when_choice>
                  <ocil:when_choice>
                        <ocil:result>NOT_APPLICABLE</ocil:result>
                        <ocil:choice_ref>ocil:navy.navwar.niwcatlantic.scc:choice:3</ocil:choice_ref>
                  </ocil:when_choice>
                  <ocil:when_choice>
                        <ocil:result>NOT_TESTED</ocil:result>
                        <ocil:choice_ref>ocil:navy.navwar.niwcatlantic.scc:choice:4</ocil:choice_ref>
                  </ocil:when_choice>
            </ocil:choice_question_test_action>
      </ocil:test_actions>
      <ocil:questions>
            <ocil:choice_question default_answer_ref="ocil:navy.navwar.niwcatlantic.scc:choice:4" id="ocil:navy.navwar.niwcatlantic.scc.firefox.linux:question:1">
                  <ocil:question_text>Run Firefox. Click the ellipsis button &gt;&gt; Help &gt;&gt; About Firefox, and view the version number.

If the Firefox version is not a supported version, this is a finding.

References:
CCI-002605
</ocil:question_text>
                  <ocil:choice_group_ref>ocil:navy.navwar.niwcatlantic.scc:choicegroup:1</ocil:choice_group_ref>
            </ocil:choice_question>
            <ocil:choice_question default_answer_ref="ocil:navy.navwar.niwcatlantic.scc:choice:4" id="ocil:navy.navwar.niwcatlantic.scc.firefox.linux:question:101">
                  <ocil:question_text>Type "about:preferences" in the browser address bar. 

Type "Applications" in the Find bar in the upper-right corner. 

Determine if any of the following file extensions are listed: HTA, JSE, JS, MOCHA, SHS, VBE, VBS, SCT, WSC, FDF, XFDF, LSL, LSO, LSS, IQY, RQY, DOS, BAT, PS, EPS, WCH, WCM, WB1, WB3, WCH, WCM, AD.

If the entry exists and the "Action" is "Save File" or "Always Ask", this is not a finding.
 
If an extension exists and the entry in the Action column is associated with an application that does/can execute the code, this is a finding.

References:
CCI-001242
</ocil:question_text>
                  <ocil:choice_group_ref>ocil:navy.navwar.niwcatlantic.scc:choicegroup:1</ocil:choice_group_ref>
            </ocil:choice_question>
            <ocil:choice_question default_answer_ref="ocil:navy.navwar.niwcatlantic.scc:choice:4" id="ocil:navy.navwar.niwcatlantic.scc.firefox.linux:question:281">
                  <ocil:question_text>Type "about:preferences#privacy" in the browser window. 

Scroll down to the bottom and select "View Certificates...".

In the Certificate Manager window, select the "Authorities" tab.

Scroll through the Certificate Name list to the U.S. Government heading. Look for the entries for DoD Root CA 2, DoD Root CA 3, DoD Root CA 4, and DoD Root CA 5.

If there are entries for DoD Root CA 2, DoD Root CA 3, DoD Root CA 4, and DoD Root CA 5, select them individually.

Click the "View" button.

Verify the publishing organization is "US Government".

If there are no entries for the DoD Root CA 2, DoD Root CA 3, DoD Root CA 4, and DoD Root CA 5, this is a finding. If other AO-approved certificates are used, this is not a finding.

Note: In a Windows environment, use of policy setting "security.enterprise_roots.enabled=true" will point Firefox to the Windows Trusted Root Certification Authority Store. This is not a finding. It may also be set via the policy Certificates &gt;&gt; ImportEnterpriseRoots, which can be verified via "about:policies".

References:
CCI-000185
</ocil:question_text>
                  <ocil:choice_group_ref>ocil:navy.navwar.niwcatlantic.scc:choicegroup:1</ocil:choice_group_ref>
            </ocil:choice_question>
            <ocil:choice_question default_answer_ref="ocil:navy.navwar.niwcatlantic.scc:choice:4" id="ocil:navy.navwar.niwcatlantic.scc.firefox.linux:question:641">
                  <ocil:question_text>Type "about:policies" in the browser address bar. 

If "DisablePocket" is not displayed under Policy Name or the Policy Value does not have a value of "true", this is a finding.

References:
CCI-000381
</ocil:question_text>
                  <ocil:choice_group_ref>ocil:navy.navwar.niwcatlantic.scc:choicegroup:1</ocil:choice_group_ref>
            </ocil:choice_question>
            <ocil:choice_question default_answer_ref="ocil:navy.navwar.niwcatlantic.scc:choice:4" id="ocil:navy.navwar.niwcatlantic.scc.firefox.linux:question:661">
                  <ocil:question_text>Type "about:policies" in the browser address bar. 

If "DisableFirefoxStudies" is not displayed under Policy Name or the Policy Value does not have a value of "true", this is a finding.

References:
CCI-000381
</ocil:question_text>
                  <ocil:choice_group_ref>ocil:navy.navwar.niwcatlantic.scc:choicegroup:1</ocil:choice_group_ref>
            </ocil:choice_question>
            <ocil:choice_group id="ocil:navy.navwar.niwcatlantic.scc:choicegroup:1">
                  <ocil:choice id="ocil:navy.navwar.niwcatlantic.scc:choice:1">Finding</ocil:choice>
                  <ocil:choice id="ocil:navy.navwar.niwcatlantic.scc:choice:2">Not a Finding</ocil:choice>
                  <ocil:choice id="ocil:navy.navwar.niwcatlantic.scc:choice:3">Not Applicable</ocil:choice>
                  <ocil:choice id="ocil:navy.navwar.niwcatlantic.scc:choice:4">Not Reviewed</ocil:choice>
            </ocil:choice_group>
      </ocil:questions>
      <ocil:results end_time="2023-09-13T16:15:09" start_time="2023-09-13T16:12:40">
            <ocil:questionnaire_results>
                  <ocil:questionnaire_result questionnaire_ref="ocil:navy.navwar.niwcatlantic.scc.firefox.linux:questionnaire:1" result="NOT_TESTED"></ocil:questionnaire_result>
                  <ocil:questionnaire_result questionnaire_ref="ocil:navy.navwar.niwcatlantic.scc.firefox.linux:questionnaire:101" result="NOT_TESTED"></ocil:questionnaire_result>
                  <ocil:questionnaire_result questionnaire_ref="ocil:navy.navwar.niwcatlantic.scc.firefox.linux:questionnaire:281" result="NOT_TESTED"></ocil:questionnaire_result>
                  <ocil:questionnaire_result questionnaire_ref="ocil:navy.navwar.niwcatlantic.scc.firefox.linux:questionnaire:641" result="NOT_TESTED"></ocil:questionnaire_result>
                  <ocil:questionnaire_result questionnaire_ref="ocil:navy.navwar.niwcatlantic.scc.firefox.linux:questionnaire:661" result="NOT_TESTED"></ocil:questionnaire_result>
            </ocil:questionnaire_results>
            <ocil:test_action_results>
                  <ocil:test_action_result result="NOT_TESTED" test_action_ref="ocil:navy.navwar.niwcatlantic.scc.firefox.linux:testaction:1"></ocil:test_action_result>
                  <ocil:test_action_result result="NOT_TESTED" test_action_ref="ocil:navy.navwar.niwcatlantic.scc.firefox.linux:testaction:101"></ocil:test_action_result>
                  <ocil:test_action_result result="NOT_TESTED" test_action_ref="ocil:navy.navwar.niwcatlantic.scc.firefox.linux:testaction:281"></ocil:test_action_result>
                  <ocil:test_action_result result="NOT_TESTED" test_action_ref="ocil:navy.navwar.niwcatlantic.scc.firefox.linux:testaction:641"></ocil:test_action_result>
                  <ocil:test_action_result result="NOT_TESTED" test_action_ref="ocil:navy.navwar.niwcatlantic.scc.firefox.linux:testaction:661"></ocil:test_action_result>
            </ocil:test_action_results>
      </ocil:results>
</ocil:ocil>
